,ID,First,Last,Full
0,1,Eric,Nash,Eric Nash
1,2,Owen,Clarkson,Owen Clarkson
2,3,Simon,Stewart,Simon Stewart
3,4,Tim,Paterson,Tim Paterson
4,5,Julia,Paige,Julia Paige
5,6,Leonard,Rutherford,Leonard Rutherford
6,7,Connor,Clarkson,Connor Clarkson
7,8,Stephen,Anderson,Stephen Anderson
8,9,Andrea,Ogden,Andrea Ogden
9,10,Heather,Metcalfe,Heather Metcalfe
10,11,Sam,Howard,Sam Howard
11,12,Bella,Fisher,Bella Fisher
12,13,Boris,Kerr,Boris Kerr
13,14,Matt,Simpson,Matt Simpson
14,15,Trevor,Reid,Trevor Reid
15,16,Luke,Bell,Luke Bell
16,17,Una,Coleman,Una Coleman
17,18,Adam,Carr,Adam Carr
18,19,Andrew,Gibson,Andrew Gibson
19,20,Anne,Churchill,Anne Churchill
20,21,Kylie,Poole,Kylie Poole
21,22,Joan,Wilson,Joan Wilson
22,23,Christian,Vance,Christian Vance
23,24,Karen,May,Karen May
24,25,Alan,Gray,Alan Gray
25,26,Sebastian,McGrath,Sebastian McGrath
26,27,Nathan,Paterson,Nathan Paterson
27,28,Jessica,Alsop,Jessica Alsop
28,29,Jack,Langdon,Jack Langdon
29,30,Isaac,Wilson,Isaac Wilson
30,31,Richard,Manning,Richard Manning
31,32,Boris,Scott,Boris Scott
32,33,Grace,Dowd,Grace Dowd
33,34,Nathan,Lyman,Nathan Lyman
34,35,Amelia,Parr,Amelia Parr
35,36,Boris,Peters,Boris Peters
36,37,Sue,Knox,Sue Knox
37,38,Sonia,Davies,Sonia Davies
38,39,Jake,Cornish,Jake Cornish
39,40,Yvonne,Clark,Yvonne Clark
40,41,Carl,Oliver,Carl Oliver
41,42,Trevor,Taylor,Trevor Taylor
42,43,Boris,Quinn,Boris Quinn
43,44,Lily,Stewart,Lily Stewart
44,45,Angela,Rutherford,Angela Rutherford
45,46,Paul,Cameron,Paul Cameron
46,47,Deirdre,Payne,Deirdre Payne
47,48,Anthony,Kerr,Anthony Kerr
48,49,Irene,Lyman,Irene Lyman
49,50,Julia,North,Julia North
50,51,William,Hill,William Hill
51,52,Neil,Johnston,Neil Johnston
52,53,Penelope,Kerr,Penelope Kerr
53,54,Chloe,Vaughan,Chloe Vaughan
54,55,Ava,McLean,Ava McLean
55,56,Evan,MacDonald,Evan MacDonald
56,57,Gavin,Burgess,Gavin Burgess
57,58,Zoe,Bell,Zoe Bell
58,59,Jack,Knox,Jack Knox
59,60,Simon,Anderson,Simon Anderson
60,61,Katherine,North,Katherine North
61,62,Sarah,Terry,Sarah Terry
62,63,Kimberly,Mackay,Kimberly Mackay
63,64,Bella,Peters,Bella Peters
64,65,Zoe,Arnold,Zoe Arnold
65,66,Isaac,Gray,Isaac Gray
66,67,David,Taylor,David Taylor
67,68,Samantha,Newman,Samantha Newman
68,69,Michael,Mackenzie,Michael Mackenzie
69,70,Faith,Vaughan,Faith Vaughan
70,71,Nicola,Vance,Nicola Vance
71,72,Sophie,Lambert,Sophie Lambert
72,73,Matt,Grant,Matt Grant
73,74,Kylie,Vaughan,Kylie Vaughan
74,75,Andrew,Wilkins,Andrew Wilkins
75,76,Una,Wallace,Una Wallace
76,77,Isaac,Lambert,Isaac Lambert
77,78,Adam,Cameron,Adam Cameron
78,79,Eric,Kelly,Eric Kelly
79,80,Donna,Ogden,Donna Ogden
80,81,Faith,Blake,Faith Blake
81,82,Leah,Hughes,Leah Hughes
82,83,Jason,Anderson,Jason Anderson
83,84,Owen,Walker,Owen Walker
84,85,Jennifer,Pullman,Jennifer Pullman
85,86,Deirdre,Davidson,Deirdre Davidson
86,87,Sebastian,Hill,Sebastian Hill
87,88,Anna,Dickens,Anna Dickens
88,89,Ian,Brown,Ian Brown
89,90,Jennifer,Manning,Jennifer Manning
90,91,Richard,Rampling,Richard Rampling
91,92,Keith,Henderson,Keith Henderson
92,93,Lily,Vaughan,Lily Vaughan
93,94,Victoria,Wilkins,Victoria Wilkins
94,95,Frank,Duncan,Frank Duncan
95,96,Lillian,Mathis,Lillian Mathis
96,97,Theresa,Clarkson,Theresa Clarkson
97,98,Joan,Blake,Joan Blake
98,99,Joanne,Simpson,Joanne Simpson
99,100,Steven,Coleman,Steven Coleman
